Position,Name + ID,Name,ID,Roster Position,Salary,Game Info,TeamAbbrev,AvgPointsPerGame
PG,Russell Westbrook (11923446),Russell Westbrook,11923446,PG/G/UTIL,11200,MIN@OKC 01/08/2019 08:00PM ET,OKC,56.14
C,Joel Embiid (11923449),Joel Embiid,11923449,C/UTIL,11000,WAS@PHI 01/08/2019 07:00PM ET,PHI,54.26
C,Karl-Anthony Towns (11923451),Karl-Anthony Towns,11923451,C/UTIL,10500,MIN@OKC 01/08/2019 08:00PM ET,MIN,48.16
SF/PF,Paul George (11923453),Paul George,11923453,SF/PF/F/UTIL,10300,MIN@OKC 01/08/2019 08:00PM ET,OKC,49.27
SF/PF,Kevin Durant (11923457),Kevin Durant,11923457,SF/PF/F/UTIL,10100,NY@GS 01/08/2019 10:30PM ET,GS,50.5
PG/SG,Stephen Curry (11923461),Stephen Curry,11923461,PG/SG/G/UTIL,10000,NY@GS 01/08/2019 10:30PM ET,GS,47.91
C,Nikola Jokic (11923465),Nikola Jokic,11923465,C/UTIL,9800,DEN@MIA 01/08/2019 07:30PM ET,DEN,47.20
SF/PF,Kawhi Leonard (11923467),Kawhi Leonard,11923467,SF/PF/F/UTIL,9600,ATL@TOR 01/08/2019 07:30PM ET,TOR,46.34
PG/SF,Ben Simmons (11923471),Ben Simmons,11923471,PG/SF/F/G/UTIL,9100,WAS@PHI 01/08/2019 07:00PM ET,PHI,43.64
SG,Bradley Beal (11923476),Bradley Beal,11923476,SG/G/UTIL,8900,WAS@PHI 01/08/2019 07:00PM ET,WAS,41.55
PG,Kemba Walker (11923479),Kemba Walker,11923479,PG/G/UTIL,8800,CHA@LAC 01/08/2019 10:30PM ET,CHA,43.35
PG/SG,Devin Booker (11923482),Devin Booker,11923482,PG/SG/G/UTIL,8700,SAC@PHO 01/08/2019 09:00PM ET,PHO,41.80
PG/SG,Victor Oladipo (11923486),Victor Oladipo,11923486,PG/SG/G/UTIL,8400,IND@CLE 01/08/2019 07:00PM ET,IND,40.18
C,Deandre Ayton (11923490),Deandre Ayton,11923490,C/UTIL,8100,SAC@PHO 01/08/2019 09:00PM ET,PHO,36.69
PF/C,Kevin Love (11923492),Kevin Love,11923492,PF/C/F/UTIL,8000,IND@CLE 01/08/2019 07:00PM ET,CLE,42.88
PG,Kyle Lowry (11923496),Kyle Lowry,11923496,PG/G/UTIL,7700,ATL@TOR 01/08/2019 07:30PM ET,TOR,38.65
SF/PF,Tobias Harris (11923499),Tobias Harris,11923499,SF/PF/F/UTIL,7600,CHA@LAC 01/08/2019 10:30PM ET,LAC,36.90
SG/SF,Jimmy Butler (11923503),Jimmy Butler,11923503,SG/SF/F/G/UTIL,7500,WAS@PHI 01/08/2019 07:00PM ET,PHI,35.97
PF/C,Domantas Sabonis (11923508),Domantas Sabonis,11923508,PF/C/F/UTIL,7400,IND@CLE 01/08/2019 07:00PM ET,IND,33.21
SG/SF,Buddy Hield (11923512),Buddy Hield,11923512,SG/SF/F/G/UTIL,7400,SAC@PHO 01/08/2019 09:00PM ET,SAC,32.83
SF/PF,Danilo Gallinari (11923517),Danilo Gallinari,11923517,SF/PF/F/UTIL,7300,CHA@LAC 01/08/2019 10:30PM ET,LAC,33.52
PF/C,Draymond Green (11923521),Draymond Green,11923521,PF/C/F/UTIL,7200,NY@GS 01/08/2019 10:30PM ET,GS,31.77
PG,De'Aaron Fox (11923525),De'Aaron Fox,11923525,PG/G/UTIL,7200,SAC@PHO 01/08/2019 09:00PM ET,SAC,37.40
SF/PF,T.J. Warren (11923528),T.J. Warren,11923528,SF/PF/F/UTIL,7100,SAC@PHO 01/08/2019 09:00PM ET,PHO,30.16
C,Steven Adams (11923532),Steven Adams,11923532,C/UTIL,7000,MIN@OKC 01/08/2019 08:00PM ET,OKC,34.91
C,Myles Turner (11923534),Myles Turner,11923534,C/UTIL,6900,IND@CLE 01/08/2019 07:00PM ET,IND,30.83
PF/C,John Collins (11923536),John Collins,11923536,PF/C/F/UTIL,6900,ATL@TOR 01/08/2019 07:30PM ET,ATL,36.10
PG/SG,Lou Williams (11923540),Lou Williams,11923540,PG/SG/G/UTIL,6800,CHA@LAC 01/08/2019 10:30PM ET,LAC,29.77
SG,Klay Thompson (11923544),Klay Thompson,11923544,SG/G/UTIL,6800,NY@GS 01/08/2019 10:30PM ET,GS,33.73
PG/SG,Jamal Murray (11923551),Jamal Murray,11923551,PG/SG/G/UTIL,6700,DEN@MIA 01/08/2019 07:30PM ET,DEN,34.20
PF/C,Pascal Siakam (11923547),Pascal Siakam,11923547,PF/C/F/UTIL,6700,ATL@TOR 01/08/2019 07:30PM ET,TOR,30.53
SG/SF,Tim Hardaway Jr. (11923555),Tim Hardaway Jr.,11923555,SG/SF/F/G/UTIL,6600,NY@GS 01/08/2019 10:30PM ET,NY,31.67
C,Hassan Whiteside (11923560),Hassan Whiteside,11923560,C/UTIL,6600,DEN@MIA 01/08/2019 07:30PM ET,MIA,36.11
PG/SF,Justise Winslow (11923562),Justise Winslow,11923562,PG/SF/F/G/UTIL,6500,DEN@MIA 01/08/2019 07:30PM ET,MIA,26.55
PG,Jeff Teague (11923567),Jeff Teague,11923567,PG/G/UTIL,6500,MIN@OKC 01/08/2019 08:00PM ET,MIN,30.71
SG/SF,Josh Richardson (11923574),Josh Richardson,11923574,SG/SF/F/G/UTIL,6400,DEN@MIA 01/08/2019 07:30PM ET,MIA,32.53
PF/C,Serge Ibaka (11923570),Serge Ibaka,11923570,PF/C/F/UTIL,6400,ATL@TOR 01/08/2019 07:30PM ET,TOR,31.08
C,Willie Cauley-Stein (11923583),Willie Cauley-Stein,11923583,C/UTIL,6300,SAC@PHO 01/08/2019 09:00PM ET,SAC,31.87
PF/C,Thomas Bryant (11923579),Thomas Bryant,11923579,PF/C/F/UTIL,6300,WAS@PHI 01/08/2019 07:00PM ET,WAS,18.69
PF/C,Montrezl Harrell (11923589),Montrezl Harrell,11923589,PF/C/F/UTIL,6200,CHA@LAC 01/08/2019 10:30PM ET,LAC,30.58
PG/SG,Derrick Rose (11923585),Derrick Rose,11923585,PG/SG/G/UTIL,6200,MIN@OKC 01/08/2019 08:00PM ET,MIN,31.57
SG/SF,Jeremy Lamb (11923593),Jeremy Lamb,11923593,SG/SF/F/G/UTIL,6100,CHA@LAC 01/08/2019 10:30PM ET,CHA,28.23
PF/C,Noah Vonleh (11923598),Noah Vonleh,11923598,PF/C/F/UTIL,6100,NY@GS 01/08/2019 10:30PM ET,NY,26.36
PF/C,DeMarcus Cousins (11923602),DeMarcus Cousins,11923602,PF/C/F/UTIL,6000,NY@GS 01/08/2019 10:30PM ET,GS,0
SF/PF,Robert Covington (11923606),Robert Covington,11923606,SF/PF/F/UTIL,6000,MIN@OKC 01/08/2019 08:00PM ET,MIN,29.69
SG/SF,Andrew Wiggins (11923610),Andrew Wiggins,11923610,SG/SF/F/G/UTIL,6000,MIN@OKC 01/08/2019 08:00PM ET,MIN,28.90
SF/PF,Thaddeus Young (11923620),Thaddeus Young,11923620,SF/PF/F/UTIL,5900,IND@CLE 01/08/2019 07:00PM ET,IND,25.84
C,Tristan Thompson (11923624),Tristan Thompson,11923624,C/UTIL,5900,IND@CLE 01/08/2019 07:00PM ET,CLE,31.62
PG,Trae Young (11923630),Trae Young,11923630,PG/G/UTIL,5900,ATL@TOR 01/08/2019 07:30PM ET,ATL,31.41
SG/SF,Bogdan Bogdanovic (11923615),Bogdan Bogdanovic,11923615,SG/SF/F/G/UTIL,5900,SAC@PHO 01/08/2019 09:00PM ET,SAC,28.23
SF/PF,Trevor Ariza (11923626),Trevor Ariza,11923626,SF/PF/F/UTIL,5900,WAS@PHI 01/08/2019 07:00PM ET,WAS,27.42
PF/C,Larry Nance Jr. (11923637),Larry Nance Jr.,11923637,PF/C/F/UTIL,5800,IND@CLE 01/08/2019 07:00PM ET,CLE,27.61
PG,Emmanuel Mudiay (11923641),Emmanuel Mudiay,11923641,PG/G/UTIL,5800,NY@GS 01/08/2019 10:30PM ET,NY,25.98
PF/C,Paul Millsap (11923633),Paul Millsap,11923633,PF/C/F/UTIL,5800,DEN@MIA 01/08/2019 07:30PM ET,DEN,29.49
SG/SF,Bojan Bogdanovic (11923644),Bojan Bogdanovic,11923644,SG/SF/F/G/UTIL,5700,IND@CLE 01/08/2019 07:00PM ET,IND,25.89
SF/PF,Kevin Knox (11923649),Kevin Knox,11923649,SF/PF/F/UTIL,5700,NY@GS 01/08/2019 10:30PM ET,NY,20.99
SF/PF,Otto Porter Jr. (11923653),Otto Porter Jr.,11923653,SF/PF/F/UTIL,5600,WAS@PHI 01/08/2019 07:00PM ET,WAS,26.52
C,Enes Kanter (11923657),Enes Kanter,11923657,C/UTIL,5500,NY@GS 01/08/2019 10:30PM ET,NY,32.62
PG,Goran Dragic (11923659),Goran Dragic,11923659,PG/G/UTIL,5500,DEN@MIA 01/08/2019 07:30PM ET,MIA,28.05
SG/SF,Kent Bazemore (11923669),Kent Bazemore,11923669,SG/SF/F/G/UTIL,5500,ATL@TOR 01/08/2019 07:30PM ET,ATL,27.89
C,Dwight Howard (11923662),Dwight Howard,11923662,C/UTIL,5500,WAS@PHI 01/08/2019 07:00PM ET,WAS,27.03
SG/SF,JJ Redick (11923664),JJ Redick,11923664,SG/SF/F/G/UTIL,5500,WAS@PHI 01/08/2019 07:00PM ET,PHI,27.27
SG,Gary Harris (11923674),Gary Harris,11923674,SG/G/UTIL,5400,DEN@MIA 01/08/2019 07:30PM ET,DEN,27.57
PG/SG,Tomas Satoransky (11923677),Tomas Satoransky,11923677,PG/SG/G/UTIL,5400,WAS@PHI 01/08/2019 07:00PM ET,WAS,16.46
SF/PF,Marvin Williams (11923685),Marvin Williams,11923685,SF/PF/F/UTIL,5300,CHA@LAC 01/08/2019 10:30PM ET,CHA,22.76
SF/PF,Nemanja Bjelica (11923681),Nemanja Bjelica,11923681,SF/PF/F/UTIL,5300,SAC@PHO 01/08/2019 09:00PM ET,SAC,25.65
PF/C,Dewayne Dedmon (11923689),Dewayne Dedmon,11923689,PF/C/F/UTIL,5200,ATL@TOR 01/08/2019 07:30PM ET,ATL,24.98
PG,Darren Collison (11923697),Darren Collison,11923697,PG/G/UTIL,5100,IND@CLE 01/08/2019 07:00PM ET,IND,23.91
PG/SG,Dennis Schroder (11923700),Dennis Schroder,11923700,PG/SG/G/UTIL,5100,MIN@OKC 01/08/2019 08:00PM ET,OKC,28.40
SF/PF,Jeff Green (11923693),Jeff Green,11923693,SF/PF/F/UTIL,5100,WAS@PHI 01/08/2019 07:00PM ET,WAS,22.32
PG/SG,Jordan Clarkson (11923720),Jordan Clarkson,11923720,PG/SG/G/UTIL,5000,IND@CLE 01/08/2019 07:00PM ET,CLE,26.33
PG/SG,Dwyane Wade (11923704),Dwyane Wade,11923704,PG/SG/G/UTIL,5000,DEN@MIA 01/08/2019 07:30PM ET,MIA,26.34
SG/SF,Will Barton (11923712),Will Barton,11923712,SG/SF/F/G/UTIL,5000,DEN@MIA 01/08/2019 07:30PM ET,DEN,30.75
SF,Taurean Prince (11923717),Taurean Prince,11923717,SF/F/UTIL,5000,ATL@TOR 01/08/2019 07:30PM ET,ATL,26.30
PG/SG,Fred VanVleet (11923724),Fred VanVleet,11923724,PG/SG/G/UTIL,5000,ATL@TOR 01/08/2019 07:30PM ET,TOR,23.01
PF/C,Marvin Bagley III (11923708),Marvin Bagley III,11923708,PF/C/F/UTIL,5000,SAC@PHO 01/08/2019 09:00PM ET,SAC,24.22
SF/PF,Josh Jackson (11923728),Josh Jackson,11923728,SF/PF/F/UTIL,4900,SAC@PHO 01/08/2019 09:00PM ET,PHO,19.56
PF/C,Bam Adebayo (11923735),Bam Adebayo,11923735,PF/C/F/UTIL,4800,DEN@MIA 01/08/2019 07:30PM ET,MIA,22.15
PF,Jerami Grant (11923732),Jerami Grant,11923732,PF/F/UTIL,4800,MIN@OKC 01/08/2019 08:00PM ET,OKC,24.04
PG/SG,Alec Burks (11923744),Alec Burks,11923744,PG/SG/G/UTIL,4700,IND@CLE 01/08/2019 07:00PM ET,CLE,19.21
SG/SF,Nicolas Batum (11923748),Nicolas Batum,11923748,SG/SF/F/G/UTIL,4700,CHA@LAC 01/08/2019 10:30PM ET,CHA,22.92
SG/SF,Kevin Huerter (11923739),Kevin Huerter,11923739,SG/SF/F/G/UTIL,4700,ATL@TOR 01/08/2019 07:30PM ET,ATL,17.97
C,Marcin Gortat (11923753),Marcin Gortat,11923753,C/UTIL,4600,CHA@LAC 01/08/2019 10:30PM ET,LAC,16.27
PF/C,Luke Kornet (11923764),Luke Kornet,11923764,PF/C/F/UTIL,4600,NY@GS 01/08/2019 10:30PM ET,NY,13.91
PG/SG,Tyler Johnson (11923768),Tyler Johnson,11923768,PG/SG/G/UTIL,4600,DEN@MIA 01/08/2019 07:30PM ET,MIA,21.79
SG/SF,DeAndre' Bembry (11923755),DeAndre' Bembry,11923755,SG/SF/F/G/UTIL,4600,ATL@TOR 01/08/2019 07:30PM ET,ATL,20.94
PF/C,Taj Gibson (11923760),Taj Gibson,11923760,PF/C/F/UTIL,4600,MIN@OKC 01/08/2019 08:00PM ET,MIN,23.70
PG,Collin Sexton (11923780),Collin Sexton,11923780,PG/G/UTIL,4500,IND@CLE 01/08/2019 07:00PM ET,CLE,22.96
C,Bismack Biyombo (11923772),Bismack Biyombo,11923772,C/UTIL,4500,CHA@LAC 01/08/2019 10:30PM ET,CHA,10.48
PF/C,Mason Plumlee (11923783),Mason Plumlee,11923783,PF/C/F/UTIL,4500,DEN@MIA 01/08/2019 07:30PM ET,DEN,21.82
C,Jonas Valanciunas (11923774),Jonas Valanciunas,11923774,C/UTIL,4500,ATL@TOR 01/08/2019 07:30PM ET,TOR,25.4
PF/C,Markieff Morris (11923776),Markieff Morris,11923776,PF/C/F/UTIL,4500,WAS@PHI 01/08/2019 07:00PM ET,WAS,23.25
SF/PF,Cedi Osman (11923798),Cedi Osman,11923798,SF/PF/F/UTIL,4400,IND@CLE 01/08/2019 07:00PM ET,CLE,22.74
C,Guillermo Hernangomez (11923787),Guillermo Hernangomez,11923787,C/UTIL,4400,CHA@LAC 01/08/2019 10:30PM ET,CHA,16.98
PG/SG,Shai Gilgeous-Alexander (11923789),Shai Gilgeous-Alexander,11923789,PG/SG/G/UTIL,4400,CHA@LAC 01/08/2019 10:30PM ET,LAC,20.68
SF/PF,James Johnson (11923802),James Johnson,11923802,SF/PF/F/UTIL,4400,DEN@MIA 01/08/2019 07:30PM ET,MIA,17.73
SG/SF,Danny Green (11923793),Danny Green,11923793,SG/SF/F/G/UTIL,4400,ATL@TOR 01/08/2019 07:30PM ET,TOR,20.48
C,Alex Len (11923806),Alex Len,11923806,C/UTIL,4400,ATL@TOR 01/08/2019 07:30PM ET,ATL,21.24
SF/PF,Derrick Jones Jr. (11923812),Derrick Jones Jr.,11923812,SF/PF/F/UTIL,4300,DEN@MIA 01/08/2019 07:30PM ET,MIA,16.34
SG/SF,Josh Okogie (11923816),Josh Okogie,11923816,SG/SF/F/G/UTIL,4300,MIN@OKC 01/08/2019 08:00PM ET,MIN,14.52
PG/SG,T.J. McConnell (11923808),T.J. McConnell,11923808,PG/SG/G/UTIL,4300,WAS@PHI 01/08/2019 07:00PM ET,PHI,16.48
SG/SF,Rodney Hood (11923826),Rodney Hood,11923826,SG/SF/F/G/UTIL,4200,IND@CLE 01/08/2019 07:00PM ET,CLE,21.15
SG/SF,Mikal Bridges (11923821),Mikal Bridges,11923821,SG/SF/F/G/UTIL,4200,SAC@PHO 01/08/2019 09:00PM ET,PHO,17.91
PG/SG,Jeremy Lin (11923834),Jeremy Lin,11923834,PG/SG/G/UTIL,4100,ATL@TOR 01/08/2019 07:30PM ET,ATL,20.19
PG,Tyus Jones (11923838),Tyus Jones,11923838,PG/G/UTIL,4100,MIN@OKC 01/08/2019 08:00PM ET,MIN,15.96
PG,De'Anthony Melton (11923831),De'Anthony Melton,11923831,PG/G/UTIL,4100,SAC@PHO 01/08/2019 09:00PM ET,PHO,16.86
PG/SG,Devonte' Graham (11923841),Devonte' Graham,11923841,PG/SG/G/UTIL,4000,CHA@LAC 01/08/2019 10:30PM ET,CHA,11.16
PG/SG,Patrick Beverley (11923852),Patrick Beverley,11923852,PG/SG/G/UTIL,4000,CHA@LAC 01/08/2019 10:30PM ET,LAC,18.77
C,Cody Zeller (11923856),Cody Zeller,11923856,C/UTIL,4000,CHA@LAC 01/08/2019 10:30PM ET,CHA,22.84
PF/C,Kevon Looney (11923845),Kevon Looney,11923845,PF/C/F/UTIL,4000,NY@GS 01/08/2019 10:30PM ET,GS,18.13
PG,Isaiah Thomas (11923849),Isaiah Thomas,11923849,PG/G/UTIL,4000,DEN@MIA 01/08/2019 07:30PM ET,DEN,0
SF/PF,Juancho Hernangomez (11923866),Juancho Hernangomez,11923866,SF/PF/F/UTIL,3900,DEN@MIA 01/08/2019 07:30PM ET,DEN,20.60
PF,Dario Saric (11923863),Dario Saric,11923863,PF/F/UTIL,3900,MIN@OKC 01/08/2019 08:00PM ET,MIN,21.71
SG/SF,Kelly Oubre Jr. (11923858),Kelly Oubre Jr.,11923858,SG/SF/F/G/UTIL,3900,SAC@PHO 01/08/2019 09:00PM ET,PHO,21.67
SG/SF,Andre Iguodala (11923892),Andre Iguodala,11923892,SG/SF/F/G/UTIL,3800,NY@GS 01/08/2019 10:30PM ET,GS,17.24
PF/C,Kelly Olynyk (11923897),Kelly Olynyk,11923897,PF/C/F/UTIL,3800,DEN@MIA 01/08/2019 07:30PM ET,MIA,20.20
PG,Monte Morris (11923901),Monte Morris,11923901,PG/G/UTIL,3800,DEN@MIA 01/08/2019 07:30PM ET,DEN,21.37
PG/SG,Malik Beasley (11923904),Malik Beasley,11923904,PG/SG/G/UTIL,3800,DEN@MIA 01/08/2019 07:30PM ET,DEN,16.30
SG/SF,Norman Powell (11923879),Norman Powell,11923879,SG/SF/F/G/UTIL,3800,ATL@TOR 01/08/2019 07:30PM ET,TOR,14.29
PG/SG,Jamal Crawford (11923870),Jamal Crawford,11923870,PG/SG/G/UTIL,3800,SAC@PHO 01/08/2019 09:00PM ET,PHO,13.58
SF/PF,Justin Jackson (11923884),Justin Jackson,11923884,SF/PF/F/UTIL,3800,SAC@PHO 01/08/2019 09:00PM ET,SAC,14.59
SG/SF,Furkan Korkmaz (11923874),Furkan Korkmaz,11923874,SG/SF/F/G/UTIL,3800,WAS@PHI 01/08/2019 07:00PM ET,PHI,12.90
SF/PF,Wilson Chandler (11923888),Wilson Chandler,11923888,SF/PF/F/UTIL,3800,WAS@PHI 01/08/2019 07:00PM ET,PHI,17.04
SG/SF,Iman Shumpert (11923911),Iman Shumpert,11923911,SG/SF/F/G/UTIL,3700,SAC@PHO 01/08/2019 09:00PM ET,SAC,19.79
PF,Jonah Bolden (11923908),Jonah Bolden,11923908,PF/F/UTIL,3700,WAS@PHI 01/08/2019 07:00PM ET,PHI,10.08
SG/SF,Tyreke Evans (11923929),Tyreke Evans,11923929,SG/SF/F/G/UTIL,3600,IND@CLE 01/08/2019 07:00PM ET,IND,19.99
SG/SF,Daniel Hamilton (11923918),Daniel Hamilton,11923918,SG/SF/F/G/UTIL,3600,ATL@TOR 01/08/2019 07:30PM ET,ATL,8.75
C,Greg Monroe (11923923),Greg Monroe,11923923,C/UTIL,3600,ATL@TOR 01/08/2019 07:30PM ET,TOR,11.47
PG/SG,Delon Wright (11923925),Delon Wright,11923925,PG/SG/G/UTIL,3600,ATL@TOR 01/08/2019 07:30PM ET,TOR,14.83
C,Ian Mahinmi (11923916),Ian Mahinmi,11923916,C/UTIL,3600,WAS@PHI 01/08/2019 07:00PM ET,WAS,11.77
PG,Cory Joseph (11923951),Cory Joseph,11923951,PG/G/UTIL,3500,IND@CLE 01/08/2019 07:00PM ET,IND,20.22
PF/C,Kyle O'Quinn (11923962),Kyle O'Quinn,11923962,PF/C/F/UTIL,3500,IND@CLE 01/08/2019 07:00PM ET,IND,10.03
PG,Tony Parker (11923934),Tony Parker,11923934,PG/G/UTIL,3500,CHA@LAC 01/08/2019 10:30PM ET,CHA,17.9
PG/SG,Malik Monk (11923954),Malik Monk,11923954,PG/SG/G/UTIL,3500,CHA@LAC 01/08/2019 10:30PM ET,CHA,17.33
SG/SF,Rodney McGruder (11923937),Rodney McGruder,11923937,SG/SF/F/G/UTIL,3500,DEN@MIA 01/08/2019 07:30PM ET,MIA,21.01
SG/SF,Torrey Craig (11923942),Torrey Craig,11923942,SG/SF/F/G/UTIL,3500,DEN@MIA 01/08/2019 07:30PM ET,DEN,13.56
SF/PF,Trey Lyles (11923958),Trey Lyles,11923958,SF/PF/F/UTIL,3500,DEN@MIA 01/08/2019 07:30PM ET,DEN,18.61
PF/C,Richaun Holmes (11923947),Richaun Holmes,11923947,PF/C/F/UTIL,3500,SAC@PHO 01/08/2019 09:00PM ET,PHO,17.43
C,Boban Marjanovic (11923974),Boban Marjanovic,11923974,C/UTIL,3400,CHA@LAC 01/08/2019 10:30PM ET,LAC,15.28
SG,Avery Bradley (11923984),Avery Bradley,11923984,SG/G/UTIL,3400,CHA@LAC 01/08/2019 10:30PM ET,LAC,15.20
PG/SG,Trey Burke (11923966),Trey Burke,11923966,PG/SG/G/UTIL,3400,NY@GS 01/08/2019 10:30PM ET,NY,19.58
SG/SF,Damyean Dotson (11923976),Damyean Dotson,11923976,SG/SF/F/G/UTIL,3400,NY@GS 01/08/2019 10:30PM ET,NY,18.9
PF/C,Jonas Jerebko (11923987),Jonas Jerebko,11923987,PF/C/F/UTIL,3400,NY@GS 01/08/2019 10:30PM ET,GS,17.74
SF/PF,OG Anunoby (11923970),OG Anunoby,11923970,SF/PF/F/UTIL,3400,ATL@TOR 01/08/2019 07:30PM ET,TOR,14.09
SF,Abdel Nader (11923981),Abdel Nader,11923981,SF/F/UTIL,3400,MIN@OKC 01/08/2019 08:00PM ET,OKC,5.60
C,Nerlens Noel (11923991),Nerlens Noel,11923991,C/UTIL,3400,MIN@OKC 01/08/2019 08:00PM ET,OKC,16.41
SF/PF,Anthony Tolliver (11923993),Anthony Tolliver,11923993,SF/PF/F/UTIL,3400,MIN@OKC 01/08/2019 08:00PM ET,MIN,10.68
PF/C,Mike Muscala (11923997),Mike Muscala,11923997,PF/C/F/UTIL,3400,WAS@PHI 01/08/2019 07:00PM ET,PHI,17.42
PG/SG,Matthew Dellavedova (11924001),Matthew Dellavedova,11924001,PG/SG/G/UTIL,3300,IND@CLE 01/08/2019 07:00PM ET,CLE,11.60
SF/PF,Miles Bridges (11924017),Miles Bridges,11924017,SF/PF/F/UTIL,3300,CHA@LAC 01/08/2019 10:30PM ET,CHA,15.16
SF/PF,Michael Kidd-Gilchrist (11924021),Michael Kidd-Gilchrist,11924021,SF/PF/F/UTIL,3300,CHA@LAC 01/08/2019 10:30PM ET,CHA,17.84
PG/SG,Frank Ntilikina (11924005),Frank Ntilikina,11924005,PG/SG/G/UTIL,3300,NY@GS 01/08/2019 10:30PM ET,NY,13.89
PG,Shaun Livingston (11924009),Shaun Livingston,11924009,PG/G/UTIL,3300,NY@GS 01/08/2019 10:30PM ET,GS,12.2
SG/SF,Dion Waiters (11924028),Dion Waiters,11924028,SG/SF/F/G/UTIL,3300,DEN@MIA 01/08/2019 07:30PM ET,MIA,14.5
SG/SF,Alex Abrines (11924012),Alex Abrines,11924012,SG/SF/F/G/UTIL,3300,MIN@OKC 01/08/2019 08:00PM ET,OKC,10.68
PG,Elie Okobo (11924025),Elie Okobo,11924025,PG/G/UTIL,3300,SAC@PHO 01/08/2019 09:00PM ET,PHO,13.22
SF/PF,Jalen Jones (11924033),Jalen Jones,11924033,SF/PF/F/UTIL,3200,IND@CLE 01/08/2019 07:00PM ET,CLE,9.40
C,Ante Zizic (11924042),Ante Zizic,11924042,C/UTIL,3200,IND@CLE 01/08/2019 07:00PM ET,CLE,9.26
SF/PF,Mario Hezonja (11924044),Mario Hezonja,11924044,SF/PF/F/UTIL,3200,NY@GS 01/08/2019 10:30PM ET,NY,13.66
PF/C,Jordan Bell (11924048),Jordan Bell,11924048,PF/C/F/UTIL,3200,NY@GS 01/08/2019 10:30PM ET,GS,9.96
PG/SG,Allonzo Trier (11924081),Allonzo Trier,11924081,PG/SG/G/UTIL,3200,NY@GS 01/08/2019 10:30PM ET,NY,17.62
SG/SF,C.J. Miles (11924052),C.J. Miles,11924052,SG/SF/F/G/UTIL,3200,ATL@TOR 01/08/2019 07:30PM ET,TOR,9.09
SF/PF,Vince Carter (11924057),Vince Carter,11924057,SF/PF/F/UTIL,3200,ATL@TOR 01/08/2019 07:30PM ET,ATL,14.85
SG/SF,Terrance Ferguson (11924037),Terrance Ferguson,11924037,SG/SF/F/G/UTIL,3200,MIN@OKC 01/08/2019 08:00PM ET,OKC,8.98
PF/C,Gorgui Dieng (11924061),Gorgui Dieng,11924061,PF/C/F/UTIL,3200,MIN@OKC 01/08/2019 08:00PM ET,MIN,13.69
PF/C,Harry Giles (11924065),Harry Giles,11924065,PF/C/F/UTIL,3200,SAC@PHO 01/08/2019 09:00PM ET,SAC,12.05
PG/SG,Yogi Ferrell (11924069),Yogi Ferrell,11924069,PG/SG/G/UTIL,3200,SAC@PHO 01/08/2019 09:00PM ET,SAC,10.72
PG/SG,Chasson Randle (11924073),Chasson Randle,11924073,PG/SG/G/UTIL,3200,WAS@PHI 01/08/2019 07:00PM ET,WAS,13.38
SF/PF,Sam Dekker (11924077),Sam Dekker,11924077,SF/PF/F/UTIL,3200,WAS@PHI 01/08/2019 07:00PM ET,WAS,14.88
PG/SG,Aaron Holiday (11924085),Aaron Holiday,11924085,PG/SG/G/UTIL,3100,IND@CLE 01/08/2019 07:00PM ET,IND,11.86
SG/SF,David Nwaba (11924089),David Nwaba,11924089,SG/SF/F/G/UTIL,3100,IND@CLE 01/08/2019 07:00PM ET,CLE,12.38
PF/C,Channing Frye (11924137),Channing Frye,11924137,PF/C/F/UTIL,3100,IND@CLE 01/08/2019 07:00PM ET,CLE,7.03
PG/SG,Tyrone Wallace (11924133),Tyrone Wallace,11924133,PG/SG/G/UTIL,3100,CHA@LAC 01/08/2019 10:30PM ET,LAC,8.30
SG/SF,Courtney Lee (11924094),Courtney Lee,11924094,SG/SF/F/G/UTIL,3100,NY@GS 01/08/2019 10:30PM ET,NY,12.45
C,Mitchell Robinson (11924099),Mitchell Robinson,11924099,C/UTIL,3100,NY@GS 01/08/2019 10:30PM ET,NY,15.28
PG,Quinn Cook (11924101),Quinn Cook,11924101,PG/G/UTIL,3100,NY@GS 01/08/2019 10:30PM ET,GS,14.93
PG/SG,Wayne Ellington (11924104),Wayne Ellington,11924104,PG/SG/G/UTIL,3100,DEN@MIA 01/08/2019 07:30PM ET,MIA,16.12
PF/C,Chris Boucher (11924108),Chris Boucher,11924108,PF/C/F/UTIL,3100,ATL@TOR 01/08/2019 07:30PM ET,TOR,8.27
SF/PF,Justin Anderson (11924112),Justin Anderson,11924112,SF/PF/F/UTIL,3100,ATL@TOR 01/08/2019 07:30PM ET,ATL,7.18
SF/PF,Alex Poythress (11924116),Alex Poythress,11924116,SF/PF/F/UTIL,3100,ATL@TOR 01/08/2019 07:30PM ET,ATL,11.21
PG/SG,Tyler Dorsey (11924120),Tyler Dorsey,11924120,PG/SG/G/UTIL,3100,ATL@TOR 01/08/2019 07:30PM ET,ATL,7.84
SG/SF,Troy Brown (11924124),Troy Brown,11924124,SG/SF/F/G/UTIL,3100,WAS@PHI 01/08/2019 07:00PM ET,WAS,6.17
PG/SG,Landry Shamet (11924129),Landry Shamet,11924129,PG/SG/G/UTIL,3100,WAS@PHI 01/08/2019 07:00PM ET,PHI,12.69
C,Ike Anigbogu (11924141),Ike Anigbogu,11924141,C/UTIL,3000,IND@CLE 01/08/2019 07:00PM ET,IND,2.25
SF/PF,TJ Leaf (11924143),TJ Leaf,11924143,SF/PF/F/UTIL,3000,IND@CLE 01/08/2019 07:00PM ET,IND,4.95
PF,Alize Johnson (11924147),Alize Johnson,11924147,PF/F/UTIL,3000,IND@CLE 01/08/2019 07:00PM ET,IND,2.25
PG,Edmond Sumner (11924150),Edmond Sumner,11924150,PG/G/UTIL,3000,IND@CLE 01/08/2019 07:00PM ET,IND,1.61
SG/SF,Davon Reed (11924153),Davon Reed,11924153,SG/SF/F/G/UTIL,3000,IND@CLE 01/08/2019 07:00PM ET,IND,0
SF/PF,Doug McDermott (11924158),Doug McDermott,11924158,SF/PF/F/UTIL,3000,IND@CLE 01/08/2019 07:00PM ET,IND,10.83
C,John Henson (11924162),John Henson,11924162,C/UTIL,3000,IND@CLE 01/08/2019 07:00PM ET,CLE,16.02
SG/SF,J.R. Smith (11924164),J.R. Smith,11924164,SG/SF/F/G/UTIL,3000,IND@CLE 01/08/2019 07:00PM ET,CLE,14.23
PG/SG,Cameron Payne (11924169),Cameron Payne,11924169,PG/SG/G/UTIL,3000,IND@CLE 01/08/2019 07:00PM ET,CLE,13.22
SF/PF,Jaron Blossomgame (11924423),Jaron Blossomgame,11924423,SF/PF/F/UTIL,3000,IND@CLE 01/08/2019 07:00PM ET,CLE,11.6
PF/C,Frank Kaminsky (11924173),Frank Kaminsky,11924173,PF/C/F/UTIL,3000,CHA@LAC 01/08/2019 10:30PM ET,CHA,11.70
SG,J.P. Macura (11924177),J.P. Macura,11924177,SG/G/UTIL,3000,CHA@LAC 01/08/2019 10:30PM ET,CHA,9.5
SG/SF,Dwayne Bacon (11924180),Dwayne Bacon,11924180,SG/SF/F/G/UTIL,3000,CHA@LAC 01/08/2019 10:30PM ET,CHA,9.72
PG,Joe Chealey (11924185),Joe Chealey,11924185,PG/G/UTIL,3000,CHA@LAC 01/08/2019 10:30PM ET,CHA,0
SF/PF,Luc Richard Mbah a Moute (11924188),Luc Richard Mbah a Moute,11924188,SF/PF/F/UTIL,3000,CHA@LAC 01/08/2019 10:30PM ET,LAC,8.94
PG,Milos Teodosic (11924192),Milos Teodosic,11924192,PG/G/UTIL,3000,CHA@LAC 01/08/2019 10:30PM ET,LAC,7.9
SG/SF,Sindarius Thornwell (11924195),Sindarius Thornwell,11924195,SG/SF/F/G/UTIL,3000,CHA@LAC 01/08/2019 10:30PM ET,LAC,3.63
PF/C,Johnathan Motley (11924200),Johnathan Motley,11924200,PF/C/F/UTIL,3000,CHA@LAC 01/08/2019 10:30PM ET,LAC,5.25
C,Angel Delgado (11924204),Angel Delgado,11924204,C/UTIL,3000,CHA@LAC 01/08/2019 10:30PM ET,LAC,0
SG,Jerome Robinson (11924206),Jerome Robinson,11924206,SG/G/UTIL,3000,CHA@LAC 01/08/2019 10:30PM ET,LAC,4.32
SF/PF,Mike Scott (11924427),Mike Scott,11924427,SF/PF/F/UTIL,3000,CHA@LAC 01/08/2019 10:30PM ET,LAC,11.78
PF/C,Kristaps Porzingis (11924209),Kristaps Porzingis,11924209,PF/C/F/UTIL,3000,NY@GS 01/08/2019 10:30PM ET,NY,0
PF/C,Isaiah Hicks (11924213),Isaiah Hicks,11924213,PF/C/F/UTIL,3000,NY@GS 01/08/2019 10:30PM ET,NY,0
SF/PF,Lance Thomas (11924217),Lance Thomas,11924217,SF/PF/F/UTIL,3000,NY@GS 01/08/2019 10:30PM ET,NY,8.73
SG/SF,Damion Lee (11924221),Damion Lee,11924221,SG/SF/F/G/UTIL,3000,NY@GS 01/08/2019 10:30PM ET,GS,8.58
SF/PF,Alfonzo McKinnie (11924226),Alfonzo McKinnie,11924226,SF/PF/F/UTIL,3000,NY@GS 01/08/2019 10:30PM ET,GS,11.39
C,Damian Jones (11924230),Damian Jones,11924230,C/UTIL,3000,NY@GS 01/08/2019 10:30PM ET,GS,13.82
SG/SF,Jacob Evans III (11924232),Jacob Evans III,11924232,SG/SF/F/G/UTIL,3000,NY@GS 01/08/2019 10:30PM ET,GS,2.15
SF,Marcus Derrickson (11924237),Marcus Derrickson,11924237,SF/F/UTIL,3000,NY@GS 01/08/2019 10:30PM ET,GS,2.05
PF,Udonis Haslem (11924240),Udonis Haslem,11924240,PF/F/UTIL,3000,DEN@MIA 01/08/2019 07:30PM ET,MIA,3.08
PF,Yante Maten (11924243),Yante Maten,11924243,PF/F/UTIL,3000,DEN@MIA 01/08/2019 07:30PM ET,MIA,0
SG/SF,Duncan Robinson (11924246),Duncan Robinson,11924246,SG/SF/F/G/UTIL,3000,DEN@MIA 01/08/2019 07:30PM ET,MIA,3.81
C,Thomas Welsh (11924251),Thomas Welsh,11924251,C/UTIL,3000,DEN@MIA 01/08/2019 07:30PM ET,DEN,3.71
PG/SG,Brandon Goodwin (11924253),Brandon Goodwin,11924253,PG/SG/G/UTIL,3000,DEN@MIA 01/08/2019 07:30PM ET,DEN,5
PF,Tyler Lydon (11924257),Tyler Lydon,11924257,PF/F/UTIL,3000,DEN@MIA 01/08/2019 07:30PM ET,DEN,2.77
SF/PF,Michael Porter Jr. (11924260),Michael Porter Jr.,11924260,SF/PF/F/UTIL,3000,DEN@MIA 01/08/2019 07:30PM ET,DEN,0
SF/PF,Jarred Vanderbilt (11924264),Jarred Vanderbilt,11924264,SF/PF/F/UTIL,3000,DEN@MIA 01/08/2019 07:30PM ET,DEN,0
SG/SF,Malachi Richardson (11924268),Malachi Richardson,11924268,SG/SF/F/G/UTIL,3000,ATL@TOR 01/08/2019 07:30PM ET,TOR,2.49
PG,Lorenzo Brown (11924273),Lorenzo Brown,11924273,PG/G/UTIL,3000,ATL@TOR 01/08/2019 07:30PM ET,TOR,6.59
PG/SG,Jordan Loyd (11924276),Jordan Loyd,11924276,PG/SG/G/UTIL,3000,ATL@TOR 01/08/2019 07:30PM ET,TOR,6.75
PF/C,Omari Spellman (11924280),Omari Spellman,11924280,PF/C/F/UTIL,3000,ATL@TOR 01/08/2019 07:30PM ET,ATL,15.34
PG,Jaylen Adams (11924284),Jaylen Adams,11924284,PG/G/UTIL,3000,ATL@TOR 01/08/2019 07:30PM ET,ATL,2.53
C,Miles Plumlee (11924287),Miles Plumlee,11924287,C/UTIL,3000,ATL@TOR 01/08/2019 07:30PM ET,ATL,9.40
PG/SG,Deonte Burton (11924289),Deonte Burton,11924289,PG/SG/G/UTIL,3000,MIN@OKC 01/08/2019 08:00PM ET,OKC,6.07
SF/PF,Donte Grantham (11924293),Donte Grantham,11924293,SF/PF/F/UTIL,3000,MIN@OKC 01/08/2019 08:00PM ET,OKC,0
SG/SF,Timothe Luwawu-Cabarrot (11924297),Timothe Luwawu-Cabarrot,11924297,SG/SF/F/G/UTIL,3000,MIN@OKC 01/08/2019 08:00PM ET,OKC,4.01
SG/SF,Hamidou Diallo (11924302),Hamidou Diallo,11924302,SG/SF/F/G/UTIL,3000,MIN@OKC 01/08/2019 08:00PM ET,OKC,9.68
SG/SF,Andre Roberson (11924307),Andre Roberson,11924307,SG/SF/F/G/UTIL,3000,MIN@OKC 01/08/2019 08:00PM ET,OKC,0
PF/C,Patrick Patterson (11924312),Patrick Patterson,11924312,PF/C/F/UTIL,3000,MIN@OKC 01/08/2019 08:00PM ET,OKC,9.24
PG/SG,Raymond Felton (11924316),Raymond Felton,11924316,PG/SG/G/UTIL,3000,MIN@OKC 01/08/2019 08:00PM ET,OKC,10.28
SF/PF,Luol Deng (11924320),Luol Deng,11924320,SF/PF/F/UTIL,3000,MIN@OKC 01/08/2019 08:00PM ET,MIN,8.88
PG/SG,Jerryd Bayless (11924324),Jerryd Bayless,11924324,PG/SG/G/UTIL,3000,MIN@OKC 01/08/2019 08:00PM ET,MIN,6.38
SG/SF,C.J. Williams (11924328),C.J. Williams,11924328,SG/SF/F/G/UTIL,3000,MIN@OKC 01/08/2019 08:00PM ET,MIN,3.5
SF,Keita Bates-Diop (11924333),Keita Bates-Diop,11924333,SF/F/UTIL,3000,MIN@OKC 01/08/2019 08:00PM ET,MIN,4.88
PG,Jared Terrell (11924336),Jared Terrell,11924336,PG/G/UTIL,3000,MIN@OKC 01/08/2019 08:00PM ET,MIN,4.83
SG/SF,Ben McLemore (11924339),Ben McLemore,11924339,SG/SF/F/G/UTIL,3000,SAC@PHO 01/08/2019 09:00PM ET,SAC,5.77
PF/C,Kosta Koufos (11924344),Kosta Koufos,11924344,PF/C/F/UTIL,3000,SAC@PHO 01/08/2019 09:00PM ET,SAC,12.96
PF/C,Zach Randolph (11924348),Zach Randolph,11924348,PF/C/F/UTIL,3000,SAC@PHO 01/08/2019 09:00PM ET,SAC,0
SF/PF,Wenyen Gabriel (11924352),Wenyen Gabriel,11924352,SF/PF/F/UTIL,3000,SAC@PHO 01/08/2019 09:00PM ET,SAC,0
PF/C,Skal Labissiere (11924356),Skal Labissiere,11924356,PF/C/F/UTIL,3000,SAC@PHO 01/08/2019 09:00PM ET,SAC,6.72
PG/SG,Frank Mason III (11924360),Frank Mason III,11924360,PG/SG/G/UTIL,3000,SAC@PHO 01/08/2019 09:00PM ET,SAC,12.07
SF/PF,Troy Williams (11924364),Troy Williams,11924364,SF/PF/F/UTIL,3000,SAC@PHO 01/08/2019 09:00PM ET,SAC,12.54
PF/C,Dragan Bender (11924368),Dragan Bender,11924368,PF/C/F/UTIL,3000,SAC@PHO 01/08/2019 09:00PM ET,PHO,5.08
PG,Jawun Evans (11924372),Jawun Evans,11924372,PG/G/UTIL,3000,SAC@PHO 01/08/2019 09:00PM ET,PHO,7.62
SG/SF,George King (11924375),George King,11924375,SG/SF/F/G/UTIL,3000,SAC@PHO 01/08/2019 09:00PM ET,PHO,1.25
PF/C,Ryan Anderson (11924380),Ryan Anderson,11924380,PF/C/F/UTIL,3000,SAC@PHO 01/08/2019 09:00PM ET,PHO,9.55
SG,Troy Daniels (11924384),Troy Daniels,11924384,SG/G/UTIL,3000,SAC@PHO 01/08/2019 09:00PM ET,PHO,10.81
SG,Devin Robinson (11924387),Devin Robinson,11924387,SG/G/UTIL,3000,WAS@PHI 01/08/2019 07:00PM ET,WAS,12.5
PG/SG,Ron Baker (11924390),Ron Baker,11924390,PG/SG/G/UTIL,3000,WAS@PHI 01/08/2019 07:00PM ET,WAS,4.15
PG,John Wall (11924394),John Wall,11924394,PG/G/UTIL,3000,WAS@PHI 01/08/2019 07:00PM ET,WAS,42.58
PG/SG,Jordan McRae (11924397),Jordan McRae,11924397,PG/SG/G/UTIL,3000,WAS@PHI 01/08/2019 07:00PM ET,WAS,2.88
C,Justin Patton (11924401),Justin Patton,11924401,C/UTIL,3000,WAS@PHI 01/08/2019 07:00PM ET,PHI,0
PG/SG,Shake Milton (11924403),Shake Milton,11924403,PG/SG/G/UTIL,3000,WAS@PHI 01/08/2019 07:00PM ET,PHI,7.22
PG,Demetrius Jackson (11924407),Demetrius Jackson,11924407,PG/G/UTIL,3000,WAS@PHI 01/08/2019 07:00PM ET,PHI,6.29
PG/SG,Markelle Fultz (11924410),Markelle Fultz,11924410,PG/SG/G/UTIL,3000,WAS@PHI 01/08/2019 07:00PM ET,PHI,19.18
SG/SF,Zhaire Smith (11924414),Zhaire Smith,11924414,SG/SF/F/G/UTIL,3000,WAS@PHI 01/08/2019 07:00PM ET,PHI,0
PF/C,Amir Johnson (11924419),Amir Johnson,11924419,PF/C/F/UTIL,3000,WAS@PHI 01/08/2019 07:00PM ET,PHI,8.99
